[
  {
    "id": "",
    "title": "القوانين العامة 📜",
    "description": "data/file1.txt"
  },
  {
    "id": "",
    "title": "قوانين الاجرام 📜",
    "description": "data/file2.txt"
  },
  {
    "id": "",
    "title": "المناطق الآمنه 📜",
    "description": "data/file3.txt"
  },
  {
    "id": "",
    "title": "ألية التحذيرات والباندات 📜",
    "description": "data/file4.txt"
  },
  {
    "id": "",
    "title": "قوانين المطاعم 📜",
    "description": "data/file5.txt"
  }
]
